{
  "features": [
    "HRV_MeanNN",
    "HRV_SDNN",
    "HRV_RMSSD",
    "HRV_pNN50",
    "HRV_pNN20",
    "HRV_MedianNN",
    "HRV_CVNN",
    "HRV_CVSD",
    "HRV_MadNN",
    "HRV_MCVNN",
    "HRV_IQRNN",
    "HRV_HRVTI",
    "HRV_VLF_power",
    "HRV_LF_power",
    "HRV_HF_power",
    "HRV_Total_power",
    "HRV_LF_HF_ratio",
    "HRV_LFn",
    "HRV_HFn",
    "HRV_LF_peak_freq",
    "HRV_SampEn",
    "HRV_ApEn",
    "HRV_DFA_alpha1",
    "HRV_DFA_alpha2",
    "HRV_SD1",
    "HRV_SD2",
    "HRV_SD1_SD2_ratio",
    "HRV_CSI",
    "HRV_CVI",
    "HRV_RQA_DET",
    "EDA_SCL_mean",
    "EDA_SCL_std",
    "EDA_SCL_slope",
    "EDA_SCL_min",
    "EDA_SCL_max",
    "EDA_SCR_count",
    "EDA_SCR_rate",
    "EDA_SCR_amplitude_mean",
    "EDA_SCR_amplitude_max",
    "EDA_SCR_rise_time_mean",
    "EDA_SCR_recovery_time_mean",
    "EDA_SCR_AUC",
    "EDA_mean",
    "EDA_range",
    "EDA_kurtosis",
    "TEMP_mean",
    "TEMP_std",
    "TEMP_slope",
    "TEMP_min",
    "TEMP_max",
    "ACC_magnitude",
    "ACC_std",
    "ACC_zero_crossings",
    "ACC_energy"
  ],
  "medians": [
    790.0571428571429,
    60.69605650899548,
    37.901486263898114,
    16.176470588235293,
    55.056179775280896,
    785.7142857142857,
    0.07833413154933756,
    0.05024107268661987,
    38.571428571428555,
    0.050505050505050754,
    78.57142857142867,
    10.25,
    0.0,
    882.2526391168219,
    503.0156845972268,
    1517.1577848657712,
    1.9819035125304065,
    66.46437432338607,
    33.53562567661394,
    0.1016949152542373,
    1.372308119143077,
    0.5278508958734269,
    1.304996033535785,
    0.7512255504284893,
    26.862018112714228,
    79.83863340268427,
    0.32361845668283845,
    3.0900586148584464,
    3.3333567961003165,
    0.8830525272547076,
    3.7436348635697247,
    0.014462095324699763,
    6.249037878178673e-05,
    3.7040061720918844,
    3.7899286513855186,
    3.0,
    3.0,
    0.02450011939521695,
    0.03303317460724253,
    2.3942857142857146,
    0.7853947368421053,
    0.22993937008931326,
    3.7434830809664925,
    0.07660003761153833,
    -0.4915596418786903,
    34.04784911663263,
    0.019888291412507288,
    0.0005163120615974807,
    33.97940772730288,
    34.10776784868706,
    0.9254807697888208,
    0.007390215855988772,
    88.76666666666667,
    0.8565949051395465
  ],
  "mean": [
    772.7552464277672,
    63.700003140686874,
    43.42847907242611,
    21.55790141104714,
    50.07374577535376,
    770.5318099621896,
    0.08151712019233535,
    0.05308039858720052,
    42.17737958244288,
    0.05372045338498133,
    86.05992109156666,
    10.296487712750565,
    0.0,
    1236.4609628217402,
    869.6999640047138,
    2106.160926826454,
    2.9609220163157963,
    62.96482972572638,
    37.03517027427361,
    0.09185511005492589,
    1.6268209535211031,
    0.5184981965068031,
    1.2982683787491884,
    0.792039016352898,
    30.667617718770007,
    83.63268158590627,
    0.35722972694505606,
    3.381722373032363,
    3.2798233159310737,
    0.8690226817071278,
    4.60661472298207,
    0.04654232728235115,
    0.0001488844925112761,
    4.531659205167291,
    4.688470513281428,
    9.754890678941312,
    9.754890678941312,
    0.048513022602952684,
    0.11118901661666729,
    1.881254303070042,
    0.9588327673219775,
    1.5013715868068316,
    4.606617424733515,
    0.23905076476125683,
    0.348530221760181,
    33.70573456952676,
    0.0397424912327294,
    0.0005065811950758953,
    33.62995181624762,
    33.766264047061256,
    0.9311399064164084,
    0.010776822813126396,
    89.49250095895665,
    0.867979590336217
  ],
  "scale": [
    157.81638673340265,
    26.828318622311635,
    26.246730244864416,
    19.302044034171246,
    25.31871704657431,
    162.82018149456638,
    0.028960197633132595,
    0.02528079636125412,
    20.8367782169049,
    0.022968562825852024,
    43.010065234766905,
    3.2506378986896745,
    1.0,
    1180.1142441049076,
    1049.03028697046,
    1933.7791335613042,
    3.4287208275263215,
    19.940880363625993,
    19.940880363625993,
    0.025039701151712314,
    2.416006991062535,
    0.10185074247448962,
    0.2561234115147887,
    0.48186935702048617,
    18.402771768597898,
    34.80545134852108,
    0.1533522484722635,
    1.6959520617373798,
    0.4750575389335187,
    0.09087253967954054,
    3.48994155471134,
    0.09998570445561959,
    0.005643530569600296,
    3.433306144060916,
    3.5549994732233214,
    12.759833037397048,
    12.759833037397048,
    0.11348244532152156,
    0.3915172458088997,
    1.24526309471715,
    0.9804538995632907,
    4.666591617620552,
    3.4899523122270395,
    0.5648119829651745,
    4.310177295554007,
    1.392718010013724,
    0.12818048880999583,
    0.005626608072548442,
    1.4708862618900105,
    1.374847901539186,
    0.017716407759898013,
    0.02297942560637145,
    38.519039038562745,
    0.03487968806960749
  ],
  "classes": [
    "baseline",
    "stress"
  ]
}