{
  "features": [
    "HRV_MeanNN",
    "HRV_SDNN",
    "HRV_RMSSD",
    "HRV_pNN50",
    "HRV_pNN20",
    "HRV_MedianNN",
    "HRV_CVNN",
    "HRV_CVSD",
    "HRV_MadNN",
    "HRV_MCVNN",
    "HRV_IQRNN",
    "HRV_HRVTI",
    "HRV_VLF_power",
    "HRV_LF_power",
    "HRV_HF_power",
    "HRV_Total_power",
    "HRV_LF_HF_ratio",
    "HRV_LFn",
    "HRV_HFn",
    "HRV_LF_peak_freq",
    "HRV_SampEn",
    "HRV_ApEn",
    "HRV_DFA_alpha1",
    "HRV_DFA_alpha2",
    "HRV_SD1",
    "HRV_SD2",
    "HRV_SD1_SD2_ratio",
    "HRV_CSI",
    "HRV_CVI",
    "HRV_RQA_DET",
    "EDA_SCL_mean",
    "EDA_SCL_std",
    "EDA_SCL_slope",
    "EDA_SCL_min",
    "EDA_SCL_max",
    "EDA_SCR_count",
    "EDA_SCR_rate",
    "EDA_SCR_amplitude_mean",
    "EDA_SCR_amplitude_max",
    "EDA_SCR_rise_time_mean",
    "EDA_SCR_recovery_time_mean",
    "EDA_SCR_AUC",
    "EDA_mean",
    "EDA_range",
    "EDA_kurtosis",
    "TEMP_mean",
    "TEMP_std",
    "TEMP_slope",
    "TEMP_min",
    "TEMP_max",
    "RESP_rate",
    "RESP_amplitude",
    "RESP_apnea_index",
    "ACC_magnitude",
    "ACC_std",
    "ACC_zero_crossings",
    "ACC_energy",
    "ACC_peak_freq"
  ],
  "medians": [
    790.6095238095238,
    60.712945872190744,
    37.69458045975144,
    16.176470588235293,
    55.056179775280896,
    785.7142857142857,
    0.07854676473187902,
    0.049784501341766624,
    38.571428571428555,
    0.05053449951409131,
    78.92857142857144,
    10.285714285714286,
    0.0,
    891.8757578057393,
    499.94743895527796,
    1539.71577524625,
    2.0114156644144474,
    66.79302655502244,
    33.206973444977564,
    0.1016949152542373,
    1.3697605415221212,
    0.5257771839374465,
    1.308150363363231,
    0.7533835551618052,
    26.775412820351335,
    80.34946027244163,
    0.3206169011767894,
    3.1189893695311017,
    3.3312896618779524,
    0.882774350645807,
    3.7436348635697247,
    0.014462095324699763,
    6.249037878178673e-05,
    3.7040061720918844,
    3.7899286513855186,
    3.0,
    3.0,
    0.02450011939521695,
    0.03303317460724253,
    2.3942857142857146,
    0.7853947368421053,
    0.22993937008931326,
    3.7434830809664925,
    0.07660003761153833,
    -0.4915596418786903,
    34.04784911548808,
    0.019888291353366283,
    0.0005163120614140212,
    33.979407726921416,
    34.10776784772415,
    16.0,
    2.6578928085654723,
    0.0,
    0.9254807697888208,
    0.007390215855988772,
    88.76666666666667,
    0.8565949051395465,
    5.0
  ],
  "mean": [
    773.0169693713855,
    63.94627880007002,
    43.05245634756538,
    21.503733987797485,
    50.08810712249509,
    770.7515867844936,
    0.08182662085898856,
    0.052585467124159534,
    42.187601941936634,
    0.053739956126733414,
    86.11941356050997,
    10.326421434252179,
    0.0,
    1259.2103158373382,
    859.9976892353654,
    2119.208005072704,
    3.0124140604941037,
    63.42196013803706,
    36.57803986196295,
    0.09188273096277154,
    1.6219341144412043,
    0.5187137675890914,
    1.2982686612561152,
    0.7911487638092115,
    30.57885228142389,
    84.25650524823406,
    0.3541757403597686,
    3.4075834768745503,
    3.2813570838733392,
    0.8697444056071302,
    4.60661472298207,
    0.04654232728235115,
    0.0001488844925112761,
    4.531659205167291,
    4.688470513281428,
    9.754890678941312,
    9.754890678941312,
    0.048513022602952684,
    0.11118901661666729,
    1.881254303070042,
    0.9588327673219775,
    1.5013715868068316,
    4.606617424733515,
    0.23905076476125683,
    0.348530221760181,
    33.70573456946146,
    0.03974249123722339,
    0.0005065811950088186,
    33.62995181616192,
    33.766264046987835,
    14.533947065592635,
    2.88635861188324,
    0.6329113924050633,
    0.9311399064164084,
    0.010776822813126396,
    89.49250095895665,
    0.867979590336217,
    4.838032220943614
  ],
  "scale": [
    157.860460277743,
    26.98159442134356,
    25.738478674695276,
    19.2690540473692,
    25.276794098946873,
    162.84184378724655,
    0.0292956828133361,
    0.024600222771675083,
    20.75129985029889,
    0.02290342140901227,
    42.884179751705126,
    3.2795918782545113,
    1.0,
    1181.488173144128,
    1029.8276423902842,
    1928.0193407084107,
    3.477348497895863,
    19.680485495179347,
    19.680485495179344,
    0.02493816504634383,
    2.420972557313723,
    0.10243948174587883,
    0.25473448406651733,
    0.4807930195101628,
    18.263195063673724,
    35.27874519031509,
    0.15221341503968605,
    1.6971622757012117,
    0.47627193685485875,
    0.09068869721244022,
    3.48994155471134,
    0.09998570445561959,
    0.005643530569600296,
    3.433306144060916,
    3.5549994732233214,
    12.759833037397048,
    12.759833037397048,
    0.11348244532152156,
    0.3915172458088997,
    1.24526309471715,
    0.9804538995632907,
    4.666591617620552,
    3.4899523122270395,
    0.5648119829651745,
    4.310177295554007,
    1.3927180100300525,
    0.1281804888115616,
    0.005626608072771305,
    1.4708862619051426,
    1.3748479015740895,
    3.7383110592919073,
    1.2286645701989058,
    3.3803188088789087,
    0.017716407759898013,
    0.02297942560637145,
    38.519039038562745,
    0.03487968806960749,
    2.0910009207351683
  ],
  "classes": [
    "baseline",
    "stress"
  ]
}