subset,n_features,accuracy_mean,accuracy_std,f1_macro_mean
All features,54,0.9121384762281433,0.09494673932984027,0.8977922751610052
No motion (HRV+EDA+TEMP+RESP),50,0.9032454834696055,0.11092527119750423,0.8897712945159797
Autonomic (HRV+EDA),45,0.8842102179555287,0.14315668387433336,0.8721787277839319
HRV only,30,0.8133426296385987,0.15651935255449256,0.7794761298251327
EDA only,15,0.8280149288265276,0.12782423308970434,0.8029723389993931
Motion only (ACC),4,0.8436408890623184,0.11000231207976702,0.8233446458915474
