model,accuracy_mean,accuracy_std,f1_macro_mean,balanced_accuracy
Logistic Regression,0.8676332263333089,0.1370012119828864,0.853496544265562,0.8696054111073759
Random Forest,0.9121384762281433,0.09494673932984027,0.8977922751610052,0.901196285949436
XGBoost,0.8878869511648431,0.1255924621006552,0.8578536354252642,0.8706892554510994
LightGBM,0.8752392773312404,0.11408585937642447,0.8379824807632545,0.8490790221057878
1D-CNN,0.6469240243555829,0.010932381598736753,0.3927824262922673,0.5
