model,accuracy_mean,accuracy_std,f1_macro_mean,balanced_accuracy
Logistic Regression,0.6703704077878144,0.16290182282941648,0.6126683067120021,0.6682125876235817
Random Forest,0.6367187240148422,0.21471396206514726,0.5345091832414199,0.5659130805740479
XGBoost,0.6334898885478485,0.20318066113706604,0.5518748200396154,0.5829297319021652
LightGBM,0.6582011585550105,0.18671909663718414,0.5683473906942399,0.6129739449949972
