{
  "model": "rf",
  "eval_frac": 0.5,
  "k_values": [
    5,
    10,
    20
  ],
  "n_subjects": 15,
  "uncalibrated": {
    "ece": 0.14636554884970968,
    "brier": 0.07253879080126666
  },
  "global": {
    "ece": 0.10767801522307499,
    "brier": 0.07401613307032795
  },
  "fewshot": {
    "5": {
      "ece": 0.09709093641399243,
      "brier": 0.06134080384926363
    },
    "10": {
      "ece": 0.07123851459460179,
      "brier": 0.059257838839211256
    },
    "20": {
      "ece": 0.0690109772096151,
      "brier": 0.057684764555518596
    }
  }
}